CYP,Ruling Cabinet - Start,Name,Start Year,End Year,Retirement Year,Ideology,Personality,Loyalty,Picturename,X
560001,Head of State,Sir William D. Battershill,1936,1964,1999,5,Die-hard Reformer,High,M560001,x
560002,Head of Government,Sir Reginald Lord Winster,1936,1964,1999,5,Naive Optimist,High,M560002,x
560003,Foreign Minister,Sir Herbert Palmer,1936,1964,1999,5,General Staffer,High,M560003,x
560004,Minister of Armament,Roderick McTarr,1936,1964,1999,5,Military Entrepreneur,Medium,M560004,x
560005,Minister of Security,Sir Hugh Mackintosh Foot,1936,1964,1999,5,Silent Lawyer,Medium,M560005,x
560006,Head of Military Intelligence,Roderick Fenwick-Palmer,1936,1964,1999,5,Industrial Specialist,Medium,M560006,x
560007,Chief of Staff,Andrew Barkworth Wright,1936,1964,1999,5,School of Mass Combat,Medium,M560007,x
560008,Chief of Army,John Harding,1936,1964,1999,5,Decisive Battle Doctrine,Medium,M560008,x
560009,Chief of Navy,Ormond Norville,1936,1964,1999,5,Decisive Naval Battle Doctrine,Medium,M560009,x
560010,Chief of Air Force,Sir William D. Battershill,1936,1964,1999,5,Vertical Envelopment Doctrine,Medium,M560001,x
560011,Head of State,Harilaos Agapias,1936,1964,1999,2,Autocratic Charmer,High,M560015,x
560012,Head of State,Dr. Fazil Küzuk,1936,1964,1999,7,Insignificant Layman,High,M560012,x
560013,Head of Government,Soames Trevor-Ropkins,1936,1964,1999,2,Corporate Suit,High,M560018,x
560014,Head of Government,Aytak Batür,1936,1964,1999,7,Backroom Backstabber,High,M560014,x
560015,Foreign Minister,Harilaos Agapias,1936,1964,1999,2,Ideological Crusader,High,M560015,x
560016,Foreign Minister,Hayri Inalcik,1936,1964,1999,7,Biased Intellectual,High,M560016,x
560017,Minister of Armament,Traianos Basiliakos,1936,1964,1999,2,Battle Fleet Proponent,Medium,M560017,x
560018,Minister of Armament,Soames Trevor-Ropkins,1936,1964,1999,7,Theoretical Scientist,Medium,M560018,x
560019,Minister of Security,Dighenis Grivas,1936,1964,1999,2,Prince of Terror,Medium,M560019,x
560020,Minister of Security,Palmer McKinolty,1936,1964,1999,7,Compassionate Gentleman,Medium,M560020,x
560021,Head of Military Intelligence,Eleferides Clerides,1936,1964,1999,2,Dismal Enigma,Medium,M560021,x
560022,Head of Military Intelligence,Richard Pethwick,1936,1964,1999,7,Political Specialist,Medium,M560022,x
560023,Chief of Staff,Giorgios Siradikis,1936,1964,1999,2,School of Fire Support,Medium,M560023,x
560024,Chief of Staff,Mehmet Halam Pasha,1936,1964,1999,7,School of Manoeuvre,Medium,L549028,x
560025,Chief of Army,Dighenis Grivas,1936,1964,1999,2,Guns and Butter Doctrine,Medium,M560025,x
560026,Chief of Army,Kadir Moncef Bey,1936,1964,1999,7,Elastic Defence Doctrine,Medium,M549006,x
560027,Chief of Navy,Polo Miltoniades,1936,1964,1999,2,Base Control Doctrine,Medium,M560027,x
560028,Chief of Navy,Osman Sorokocoglu,1936,1964,1999,7,Indirect Approach Doctrine,Medium,M560028,x
560029,Chief of Air Force,Georgios Vayenas,1936,1964,1999,2,Naval Aviation Doctrine,Medium,M560029,x
560030,Chief of Air Force,Taff Quelch,1936,1964,1999,7,Air Superiority Doctrine,Medium,M560030,x
560031,Head of State,H.H. Makarios III.,1936,1964,1999,7,Autocratic Charmer,High,M560011,x
560032,Head of Government,Eleutherios Kosmatopoulos,1936,1964,1999,7,Corporate Suit,High,M560013,x
